{"stats":{"minecraft:custom":{"minecraft:interact_with_furnace":20,"minecraft:mob_kills":13,"minecraft:interact_with_crafting_table":30,"minecraft:interact_with_stonecutter":1,"minecraft:leave_game":2,"minecraft:time_since_death":55055,"minecraft:climb_one_cm":3166,"minecraft:time_since_rest":53477,"minecraft:sprint_one_cm":182290,"minecraft:damage_taken":620,"minecraft:walk_one_cm":285057,"minecraft:drop":4,"minecraft:damage_dealt":3445,"minecraft:talked_to_villager":2,"minecraft:fly_one_cm":197345,"minecraft:open_chest":10,"minecraft:crouch_one_cm":142989,"minecraft:play_time":101620,"tombstone:undead_killed":7,"minecraft:deaths":1,"minecraft:sneak_time":33015,"minecraft:walk_under_water_one_cm":615,"minecraft:jump":1202,"minecraft:interact_with_brewingstand":1,"minecraft:walk_on_water_one_cm":5107,"minecraft:interact_with_smoker":5,"minecraft:total_world_time":103614,"minecraft:fall_one_cm":25187},"minecraft:picked_up":{"minecraft:pink_petals":332,"minecraft:crafting_table":4,"minecraft:andesite":35,"minecraft:smoker":1,"minecraft:oak_log":66,"minecraft:brewing_stand":1,"minecraft:gunpowder":2,"minecraft:dirt":1287,"minecraft:raw_copper":59,"minecraft:bone":1,"minecraft:wheat_seeds":34,"minecraft:iron_ingot":3,"minecraft:oak_planks":3,"minecraft:furnace":1,"minecraft:raw_iron":68,"minecraft:pumpkin":2,"minecraft:torch":11,"minecraft:dripstone_block":4,"minecraft:diorite":41,"minecraft:rotten_flesh":4,"minecraft:hay_block":60,"minecraft:granite":38,"minecraft:oak_sapling":1,"minecraft:mutton":4,"minecraft:coal":54,"minecraft:white_wool":3,"minecraft:cobblestone":493},"minecraft:crafted":{"minecraft:oak_planks":60,"minecraft:stone_shovel":10,"minecraft:crafting_table":4,"minecraft:wooden_pickaxe":1,"minecraft:furnace":4,"minecraft:stone_axe":1,"minecraft:bread":27,"minecraft:air":0,"minecraft:stick":44,"minecraft:iron_ingot":43,"minecraft:iron_pickaxe":3,"minecraft:stone_pickaxe":2,"minecraft:wooden_axe":1,"minecraft:chest":2,"minecraft:torch":24,"minecraft:wheat":81},"minecraft:killed":{"minecraft:spider":1,"minecraft:iron_golem":1,"minecraft:creeper":1,"minecraft:sheep":3,"minecraft:zombie":7},"minecraft:broken":{"minecraft:stone_pickaxe":2,"minecraft:iron_pickaxe":2,"minecraft:stone_shovel":9},"minecraft:used":{"minecraft:stone_shovel":1261,"minecraft:stone_pickaxe":262,"minecraft:oak_planks":3,"minecraft:chest":2,"minecraft:wooden_pickaxe":4,"minecraft:torch":31,"minecraft:dirt":377,"minecraft:crafting_table":8,"minecraft:smoker":1,"minecraft:oak_log":33,"minecraft:wooden_axe":12,"minecraft:bread":12,"minecraft:iron_pickaxe":502,"minecraft:stone_axe":92,"minecraft:pink_petals":50,"minecraft:cobblestone":95,"minecraft:furnace":5,"minecraft:oak_sapling":1},"minecraft:killed_by":{"minecraft:skeleton":1},"minecraft:mined":{"minecraft:smoker":1,"minecraft:brewing_stand":1,"minecraft:crafting_table":4,"minecraft:torch":1,"minecraft:granite":47,"minecraft:grass_block":1042,"minecraft:cobblestone":16,"minecraft:copper_ore":16,"minecraft:tall_grass":35,"minecraft:oak_planks":3,"minecraft:diorite":41,"minecraft:wall_torch":1,"minecraft:pink_petals":17,"minecraft:hay_block":60,"minecraft:furnace":1,"minecraft:iron_ore":66,"minecraft:andesite":36,"minecraft:pumpkin":1,"minecraft:grass":154,"minecraft:coal_ore":54,"minecraft:oak_log":66,"minecraft:deepslate_iron_ore":3,"minecraft:dripstone_block":7,"minecraft:dirt":322,"minecraft:stone":479,"minecraft:oak_leaves":2},"minecraft:dropped":{"minecraft:rotten_flesh":2,"minecraft:wooden_axe":1,"minecraft:pumpkin":1,"minecraft:wooden_pickaxe":1}},"DataVersion":3465}