{"stats":{"minecraft:custom":{"minecraft:interact_with_furnace":15,"minecraft:mob_kills":19,"minecraft:interact_with_crafting_table":11,"minecraft:leave_game":7,"minecraft:time_since_death":22778,"minecraft:time_since_rest":21098,"minecraft:sprint_one_cm":244455,"minecraft:damage_taken":3988,"minecraft:walk_one_cm":328846,"minecraft:drop":32,"minecraft:damage_dealt":3803,"minecraft:swim_one_cm":3230,"minecraft:fly_one_cm":264563,"minecraft:player_kills":1,"minecraft:open_chest":4,"minecraft:play_time":99720,"minecraft:crouch_one_cm":7463,"tombstone:undead_killed":8,"minecraft:deaths":12,"minecraft:sneak_time":3829,"minecraft:walk_under_water_one_cm":8534,"minecraft:boat_one_cm":322900,"minecraft:jump":1918,"minecraft:walk_on_water_one_cm":12877,"minecraft:total_world_time":99720,"minecraft:fall_one_cm":46946},"minecraft:picked_up":{"minecraft:wooden_axe":2,"minecraft:birch_log":5,"minecraft:crafting_table":7,"minecraft:feather":2,"minecraft:chicken":1,"minecraft:leather":7,"minecraft:wooden_pickaxe":2,"minecraft:birch_planks":3,"minecraft:oak_log":11,"minecraft:dirt":55,"minecraft:raw_copper":11,"minecraft:wooden_sword":1,"minecraft:leather_boots":1,"minecraft:stone_bricks":1,"minecraft:wheat_seeds":14,"minecraft:cobbled_deepslate":1,"minecraft:raw_gold":5,"minecraft:stone_pickaxe":1,"minecraft:beef":9,"minecraft:oak_boat":1,"minecraft:wooden_shovel":1,"minecraft:chest":1,"minecraft:furnace":1,"minecraft:stick":79,"minecraft:raw_iron":12,"minecraft:cooked_porkchop":3,"minecraft:pumpkin":7,"minecraft:sweet_berries":19,"minecraft:torch":9,"minecraft:dandelion":2,"minecraft:porkchop":11,"minecraft:pointed_dripstone":3,"minecraft:white_bed":1,"minecraft:carrot":1,"minecraft:redstone":5,"minecraft:stone_sword":2,"minecraft:rotten_flesh":5,"minecraft:diamond":1,"minecraft:stone_axe":1,"minecraft:granite":3,"minecraft:oak_sapling":9,"minecraft:mutton":1,"minecraft:coal":10,"minecraft:white_wool":1,"minecraft:cobblestone":81,"minecraft:sunflower":4},"minecraft:crafted":{"minecraft:cooked_beef":9,"minecraft:wooden_sword":2,"minecraft:oak_planks":44,"minecraft:wooden_shovel":1,"minecraft:crafting_table":2,"minecraft:wooden_pickaxe":2,"minecraft:iron_sword":1,"minecraft:furnace":1,"minecraft:birch_planks":20,"minecraft:stone_axe":1,"minecraft:oak_boat":1,"minecraft:stick":16,"minecraft:iron_ingot":7,"minecraft:iron_pickaxe":1,"minecraft:stone_pickaxe":1,"minecraft:wooden_axe":2,"minecraft:stone_sword":1,"minecraft:chest":1},"minecraft:killed":{"minecraft:pig":4,"minecraft:bat":1,"minecraft:sheep":1,"minecraft:zombie":8,"minecraft:cow":5},"minecraft:used":{"minecraft:stone_sword":113,"minecraft:stone_pickaxe":82,"minecraft:wooden_pickaxe":25,"minecraft:iron_sword":64,"minecraft:torch":3,"minecraft:dirt":14,"minecraft:crafting_table":5,"minecraft:carrot":1,"minecraft:wooden_axe":19,"minecraft:iron_pickaxe":7,"minecraft:stone_axe":4,"minecraft:wooden_sword":54,"minecraft:cobblestone":13,"minecraft:beef":2,"minecraft:furnace":1,"minecraft:cooked_porkchop":3,"tombstone:gift":2,"minecraft:oak_boat":2,"minecraft:cooked_beef":3,"minecraft:pumpkin":3},"minecraft:killed_by":{"minecraft:player":2,"minecraft:skeleton":3,"minecraft:creeper":3,"minecraft:zombie":1},"minecraft:mined":{"minecraft:deepslate_redstone_ore":1,"minecraft:deepslate_diamond_ore":1,"minecraft:sculk_vein":1,"minecraft:dandelion":1,"minecraft:powder_snow":6,"minecraft:crafting_table":6,"minecraft:granite":3,"minecraft:grass_block":2,"minecraft:tall_grass":10,"minecraft:copper_ore":3,"minecraft:deepslate_gold_ore":5,"minecraft:sculk":2,"minecraft:wall_torch":3,"minecraft:large_fern":9,"minecraft:furnace":1,"minecraft:birch_log":5,"minecraft:iron_ore":12,"minecraft:birch_leaves":2,"minecraft:pumpkin":7,"minecraft:grass":30,"minecraft:oak_log":8,"minecraft:pointed_dripstone":1,"minecraft:coal_ore":9,"minecraft:sunflower":4,"minecraft:dirt":3,"minecraft:stone_bricks":1,"minecraft:stone":68,"minecraft:oak_leaves":4},"minecraft:dropped":{"minecraft:wheat_seeds":6,"minecraft:stone_sword":1,"minecraft:cobbled_deepslate":1,"minecraft:crafting_table":1,"minecraft:cobblestone":7,"minecraft:leather":2,"tombstone:grave_key":1,"minecraft:oak_sapling":9,"minecraft:sunflower":4,"minecraft:dandelion":2}},"DataVersion":3465}